query,keyword
machine learning,artificial intelligence
data science,data analytics
deep learning,neural networks
big data,data mining
artificial intelligence,AI
data mining,data analysis
neural networks,deep learning
data analytics,business intelligence
business intelligence,data visualization
data visualization,dashboard
python programming,coding
coding,software development
software development,programming
programming,computer science
computer science,algorithms
algorithms,problem solving
data preprocessing,data cleaning
data cleaning,data quality
database,SQL
SQL,database management
cloud computing,AWS
AWS,cloud services
cybersecurity,network security
network security,information security
web development,frontend
frontend,HTML CSS
backend,server
API,web services
machine vision,image processing
NLP,text processing
text mining,information extraction
data warehousing,ETL
ETL,data integration
statistics,probability
probability,mathematics
optimization,algorithms
data structure,algorithms
git,version control
agile,project management
DevOps,continuous integration
testing,quality assurance
UI design,user experience
mobile development,iOS Android
blockchain,cryptocurrency
IoT,sensors
robotics,automation
automation,machine learning
recommendation system,collaborative filtering
time series,forecasting
computer vision,image recognition
natural language processing,text analysis
reinforcement learning,AI
supervised learning,classification
unsupervised learning,clustering
data modeling,database design
network architecture,system design
microservices,distributed systems